epoch,time,train/box_loss,train/seg_loss,train/cls_loss,train/l1_loss,train/sem_loss,metrics/precision(B),metrics/recall(B),metrics/mAP50(B),metrics/mAP50-95(B),metrics/precision(M),metrics/recall(M),metrics/mAP50(M),metrics/mAP50-95(M),val/box_loss,val/seg_loss,val/cls_loss,val/l1_loss,val/sem_loss,lr/pg0,lr/pg1,lr/pg2
1,56.6543,2.67238,4.17746,9.68653,0.02354,5.92567,0.00136,0.36292,0.00126,0.00036,0.00016,0.04142,5e-05,1e-05,1.54466,2.18526,24.5262,0.02017,0,0.00033,0.00033,0.06733
2,110.629,2.06836,3.23239,4.4328,0.0166,3.66614,0.24513,0.19329,0.13197,0.05343,0.10827,0.09467,0.03024,0.00507,1.26044,1.81425,12.9385,0.01444,0,0.000663171,0.000663171,0.0343298
3,167.384,1.82668,2.83374,3.44377,0.01347,2.89567,0.48704,0.28205,0.27821,0.13542,0.33181,0.18738,0.12218,0.02177,1.19854,1.64109,8.97596,0.01303,0,0.000995693,0.000995693,0.00132903
4,223.618,1.87185,2.76026,2.90927,0.01343,1.73944,0.53697,0.34768,0.33959,0.17172,0.4504,0.24852,0.19708,0.03663,1.23436,1.55745,5.2632,0.0147,0,0.000997803,0.000997803,0.000997803
5,278.935,1.80605,2.65258,2.64836,0.01314,1.47952,0.54427,0.36095,0.34043,0.16228,0.47825,0.25049,0.20195,0.03768,1.22294,1.51996,4.26254,0.01323,0,0.000996097,0.000996097,0.000996097
6,335.289,1.82107,2.65838,2.38996,0.01272,1.35126,0.5144,0.38659,0.3601,0.17203,0.39064,0.27416,0.19501,0.03828,1.18256,1.5401,2.89962,0.01382,0,0.000993906,0.000993906,0.000993906
7,397.358,1.77093,2.54819,2.34263,0.01275,1.34559,0.53281,0.36884,0.37422,0.18679,0.44386,0.26761,0.21467,0.03903,1.18763,1.52806,2.63192,0.01288,0,0.000991232,0.000991232,0.000991232
8,459.339,1.73935,2.50043,2.20039,0.01192,1.2885,0.58889,0.35897,0.36722,0.19325,0.44769,0.25641,0.20584,0.03895,1.185,1.58449,2.54209,0.01335,0,0.000988079,0.000988079,0.000988079
9,518.43,1.81728,2.62248,2.21575,0.01214,1.30943,0.60052,0.36884,0.39518,0.19121,0.47294,0.286,0.25373,0.04783,1.22621,1.48131,2.18508,0.01441,0,0.000984449,0.000984449,0.000984449
10,579.963,1.76239,2.55704,2.19003,0.01199,1.31517,0.57889,0.38462,0.40944,0.20961,0.49001,0.30178,0.2612,0.05174,1.18794,1.4938,2.04862,0.01259,0,0.000980345,0.000980345,0.000980345
11,635.886,1.74722,2.50884,2.14273,0.01176,1.32443,0.60828,0.36754,0.39529,0.20197,0.51249,0.28205,0.24276,0.04754,1.16405,1.47788,1.98038,0.01249,0,0.000975773,0.000975773,0.000975773
12,691.843,1.78223,2.53256,2.07753,0.01225,1.28609,0.53592,0.39632,0.37724,0.20061,0.46123,0.28994,0.23508,0.04627,1.19259,1.46966,2.01465,0.01324,0,0.000970736,0.000970736,0.000970736
13,746.935,1.72611,2.48187,2.03899,0.01159,1.24289,0.65257,0.36095,0.39418,0.20668,0.5597,0.30178,0.26965,0.05721,1.20092,1.46825,2.03229,0.01324,0,0.000965239,0.000965239,0.000965239
14,803.72,1.72622,2.45391,2.05718,0.01147,1.24736,0.52695,0.39548,0.39284,0.20983,0.42621,0.29389,0.23534,0.04557,1.19607,1.49112,1.88149,0.01372,0,0.000959289,0.000959289,0.000959289
15,858.147,1.72992,2.49417,2.02999,0.01131,1.22466,0.57568,0.39053,0.38957,0.19654,0.51128,0.29586,0.26268,0.05359,1.2022,1.44499,1.84748,0.01359,0,0.000952889,0.000952889,0.000952889
16,913.72,1.76134,2.57306,2.05662,0.01118,1.22581,0.60053,0.38546,0.39697,0.21054,0.477,0.29783,0.24914,0.05219,1.16662,1.45928,1.9004,0.01321,0,0.000946048,0.000946048,0.000946048
17,968.379,1.75879,2.50912,2.04461,0.01154,1.23861,0.58629,0.39842,0.41852,0.21376,0.48228,0.29783,0.25116,0.05306,1.2109,1.44922,1.88788,0.01433,0,0.000938772,0.000938772,0.000938772
18,1023.55,1.73099,2.43679,1.95899,0.01183,1.17532,0.57537,0.39555,0.41066,0.20399,0.47453,0.3117,0.26352,0.05286,1.1846,1.46165,1.87118,0.01301,0,0.000931067,0.000931067,0.000931067
19,1078.34,1.74005,2.5092,1.97868,0.01142,1.21383,0.54623,0.38264,0.39183,0.20079,0.44552,0.2998,0.24025,0.04942,1.18226,1.44562,1.71692,0.01321,0,0.000922942,0.000922942,0.000922942
20,1132.86,1.70922,2.42562,1.9646,0.01125,1.22044,0.58504,0.38462,0.40868,0.20964,0.52782,0.26824,0.23518,0.04553,1.17377,1.4743,1.80152,0.01288,0,0.000914405,0.000914405,0.000914405
21,1186.7,1.69123,2.44284,1.93254,0.01126,1.17879,0.63498,0.37081,0.39998,0.21137,0.53386,0.28797,0.26469,0.05825,1.17195,1.43696,1.76998,0.01266,0,0.000905463,0.000905463,0.000905463
22,1242.87,1.66176,2.42276,1.88363,0.01124,1.14626,0.66592,0.39645,0.43323,0.22866,0.56036,0.30375,0.2855,0.05568,1.19304,1.43225,1.61775,0.01312,0,0.000896127,0.000896127,0.000896127
23,1298.91,1.71705,2.45158,1.92686,0.01117,1.15288,0.67271,0.38264,0.42165,0.22508,0.58388,0.30178,0.27295,0.05542,1.17989,1.46233,1.65679,0.01334,0,0.000886404,0.000886404,0.000886404
24,1352.92,1.75983,2.48298,1.98829,0.01168,1.17215,0.57119,0.40631,0.39627,0.21636,0.50831,0.29586,0.26612,0.05553,1.17462,1.4454,1.6761,0.01344,0,0.000876305,0.000876305,0.000876305
25,1407.93,1.72231,2.43942,1.94756,0.01117,1.18764,0.5848,0.3925,0.40624,0.22182,0.49219,0.30769,0.27421,0.06254,1.13602,1.43573,1.70002,0.01273,0,0.000865839,0.000865839,0.000865839
26,1463.84,1.69261,2.41103,1.90087,0.01111,1.19067,0.57568,0.39448,0.39597,0.21048,0.4984,0.27022,0.23744,0.0466,1.15555,1.45563,1.64177,0.01314,0,0.000855018,0.000855018,0.000855018
27,1518.59,1.69671,2.42835,1.91039,0.01114,1.17839,0.59783,0.39645,0.40851,0.21454,0.45101,0.29191,0.24334,0.04682,1.21979,1.45336,1.59821,0.01443,0,0.000843851,0.000843851,0.000843851
28,1571.82,1.72046,2.45451,1.94921,0.01087,1.18985,0.66128,0.39053,0.42035,0.21153,0.51838,0.29586,0.25041,0.04881,1.21164,1.44611,1.60088,0.01424,0,0.000832349,0.000832349,0.000832349
29,1625.83,1.70465,2.42985,1.90628,0.01118,1.16722,0.6199,0.38067,0.40954,0.21278,0.51431,0.28402,0.246,0.05022,1.18607,1.46658,1.57392,0.01338,0,0.000820525,0.000820525,0.000820525
30,1679.4,1.69027,2.40918,1.84957,0.01127,1.13889,0.68235,0.36884,0.41893,0.22418,0.54033,0.27613,0.24122,0.04895,1.1803,1.44761,1.62738,0.01327,0,0.000808389,0.000808389,0.000808389
31,1732.48,1.69443,2.39216,1.86376,0.01064,1.1534,0.6335,0.39207,0.41111,0.21904,0.56357,0.27022,0.24287,0.05115,1.18492,1.44431,1.60541,0.01309,0,0.000795954,0.000795954,0.000795954
32,1785.82,1.6871,2.40168,1.88478,0.01089,1.19431,0.56037,0.41223,0.41814,0.22183,0.51204,0.29586,0.26922,0.05736,1.15483,1.43227,1.64423,0.0125,0,0.000783231,0.000783231,0.000783231
33,1838.55,1.72454,2.4428,1.86156,0.01064,1.15883,0.64309,0.38737,0.43269,0.22848,0.56709,0.29197,0.27757,0.05823,1.20047,1.42581,1.53975,0.01325,0,0.000770234,0.000770234,0.000770234
34,1892.63,1.66942,2.38493,1.7871,0.01084,1.1164,0.58147,0.40039,0.42024,0.22433,0.47118,0.29389,0.25891,0.05396,1.17555,1.42317,1.50594,0.01342,0,0.000756976,0.000756976,0.000756976
35,1946.24,1.71044,2.40208,1.86236,0.01127,1.14051,0.64165,0.38264,0.42011,0.22854,0.4908,0.27416,0.23084,0.04719,1.18076,1.43388,1.52399,0.01357,0,0.000743468,0.000743468,0.000743468
36,1998.58,1.72257,2.42312,1.90292,0.01077,1.08909,0.56546,0.39842,0.41983,0.22759,0.46049,0.31164,0.26502,0.05546,1.16203,1.42108,1.56287,0.01279,0,0.000729725,0.000729725,0.000729725
37,2052.08,1.66494,2.35685,1.8301,0.01065,1.1222,0.60076,0.41026,0.42596,0.23225,0.46305,0.29586,0.24245,0.04955,1.17547,1.44972,1.54996,0.01337,0,0.000715761,0.000715761,0.000715761
38,2105.2,1.6835,2.38452,1.82986,0.01094,1.13181,0.63041,0.39842,0.42905,0.22513,0.51671,0.29389,0.25944,0.05401,1.16916,1.43047,1.73826,0.01321,0,0.000701588,0.000701588,0.000701588
39,2157.1,1.67488,2.40947,1.82655,0.01127,1.10856,0.59423,0.40151,0.43217,0.23538,0.47695,0.30572,0.26335,0.05065,1.21142,1.46023,1.51634,0.01397,0,0.000687222,0.000687222,0.000687222
40,2209.15,1.69797,2.36092,1.78646,0.0111,1.094,0.63557,0.3787,0.42302,0.22921,0.52996,0.29191,0.26755,0.05666,1.20769,1.43229,1.56106,0.01336,0,0.000672675,0.000672675,0.000672675
41,2260.47,1.67617,2.38194,1.81447,0.01044,1.13038,0.58181,0.40631,0.43599,0.2398,0.49159,0.29389,0.25767,0.05308,1.17258,1.42311,1.52071,0.01317,0,0.000657963,0.000657963,0.000657963
42,2313.82,1.62515,2.32053,1.7564,0.01063,1.09854,0.60292,0.42604,0.42277,0.22766,0.56246,0.29919,0.27828,0.06166,1.17249,1.42083,1.57841,0.01261,0,0.000643101,0.000643101,0.000643101
43,2365.44,1.64163,2.38512,1.77411,0.01059,1.0968,0.66091,0.38058,0.41677,0.22951,0.52881,0.28994,0.25171,0.05595,1.19611,1.44159,1.54685,0.01321,0,0.000628101,0.000628101,0.000628101
44,2418.01,1.62251,2.29478,1.76836,0.01066,1.11513,0.58095,0.3787,0.40838,0.22495,0.46319,0.286,0.25667,0.05768,1.14382,1.42845,1.56194,0.01269,0,0.000612981,0.000612981,0.000612981
45,2470.07,1.63159,2.34729,1.7178,0.01042,1.07585,0.66514,0.37673,0.43992,0.24598,0.52457,0.28205,0.26592,0.05884,1.18295,1.42744,1.55761,0.0131,0,0.000597754,0.000597754,0.000597754
46,2523.6,1.66869,2.37192,1.78289,0.01084,1.12166,0.63951,0.40237,0.4311,0.23421,0.53287,0.2998,0.25993,0.05705,1.19214,1.41015,1.46294,0.01317,0,0.000582435,0.000582435,0.000582435
47,2576.27,1.72368,2.45557,1.80151,0.01038,1.11883,0.64529,0.39448,0.43715,0.23352,0.54099,0.30178,0.27911,0.05999,1.14585,1.41313,1.49198,0.01253,0,0.00056704,0.00056704,0.00056704
48,2628.3,1.66157,2.34178,1.7673,0.01042,1.10536,0.6551,0.38462,0.42466,0.23814,0.53078,0.30344,0.28234,0.05912,1.14188,1.41886,1.48739,0.01217,0,0.000551584,0.000551584,0.000551584
49,2680.93,1.62609,2.32568,1.75818,0.01036,1.09219,0.6188,0.41815,0.44507,0.24745,0.54484,0.30769,0.27409,0.06017,1.12544,1.43552,1.50353,0.01235,0,0.000536081,0.000536081,0.000536081
50,2733.84,1.64035,2.31975,1.74825,0.01048,1.07106,0.56121,0.42381,0.44487,0.25273,0.52136,0.31558,0.2821,0.06064,1.1328,1.42882,1.44297,0.0123,0,0.000520548,0.000520548,0.000520548
51,2786.81,1.64912,2.3636,1.76304,0.01037,1.10463,0.65488,0.39053,0.444,0.2492,0.49903,0.30769,0.27668,0.05765,1.15833,1.41875,1.42127,0.01266,0,0.000505,0.000505,0.000505
52,2839.12,1.67285,2.41435,1.78644,0.01061,1.05409,0.62265,0.4231,0.44721,0.25336,0.57307,0.30769,0.28683,0.05933,1.12083,1.43075,1.47217,0.01195,0,0.000489452,0.000489452,0.000489452
53,2890.67,1.69169,2.33909,1.79404,0.01079,1.05937,0.58398,0.43787,0.45123,0.25311,0.4864,0.33925,0.30124,0.0667,1.10289,1.41517,1.47935,0.012,0,0.000473919,0.000473919,0.000473919
54,2944.77,1.61665,2.30425,1.72288,0.01015,1.10108,0.65133,0.42209,0.45005,0.25317,0.50125,0.31915,0.27709,0.06316,1.13363,1.41833,1.39485,0.01239,0,0.000458416,0.000458416,0.000458416
55,2997.04,1.67105,2.37055,1.78253,0.01021,1.07852,0.61489,0.4157,0.44172,0.25163,0.50637,0.32544,0.28326,0.06066,1.1232,1.41087,1.44827,0.01239,0,0.00044296,0.00044296,0.00044296
56,3048.08,1.62716,2.34029,1.7117,0.01025,1.08837,0.60652,0.41617,0.44289,0.25047,0.49592,0.31558,0.28068,0.06184,1.15541,1.41116,1.40184,0.0126,0,0.000427565,0.000427565,0.000427565
57,3100.33,1.6369,2.30334,1.73976,0.0103,1.04135,0.64382,0.40434,0.43205,0.23823,0.50705,0.30375,0.27138,0.05922,1.1393,1.41731,1.40853,0.01224,0,0.000412246,0.000412246,0.000412246
58,3151.68,1.5684,2.30101,1.69643,0.00959,1.06474,0.64002,0.41617,0.44566,0.24399,0.52592,0.33259,0.29404,0.06402,1.12017,1.40429,1.41892,0.01207,0,0.000397019,0.000397019,0.000397019
59,3203.97,1.61882,2.32971,1.722,0.01009,1.07487,0.61014,0.43984,0.4626,0.25561,0.55226,0.31626,0.30254,0.06416,1.12329,1.4022,1.42116,0.01217,0,0.000381899,0.000381899,0.000381899
60,3256.18,1.61047,2.32869,1.69864,0.00991,1.0781,0.58193,0.41026,0.43713,0.25148,0.55212,0.31609,0.29287,0.06669,1.12304,1.40186,1.46264,0.01221,0,0.000366899,0.000366899,0.000366899
61,3308.26,1.62377,2.34559,1.73536,0.00993,1.07488,0.60425,0.41617,0.43564,0.24244,0.47658,0.31361,0.27943,0.06142,1.1449,1.40323,1.48325,0.01264,0,0.000352037,0.000352037,0.000352037
62,3360.12,1.61972,2.32337,1.70527,0.00997,1.03412,0.64897,0.39842,0.4447,0.24876,0.53873,0.30769,0.29301,0.06454,1.12417,1.40031,1.45225,0.01225,0,0.000337325,0.000337325,0.000337325
63,3411.83,1.61851,2.32735,1.74383,0.00964,1.078,0.59861,0.4142,0.43779,0.24692,0.55739,0.3215,0.30028,0.06657,1.13226,1.40315,1.48172,0.01218,0,0.000322778,0.000322778,0.000322778
64,3464.59,1.61369,2.27657,1.70545,0.01017,1.06365,0.59321,0.40434,0.43566,0.2481,0.57758,0.30375,0.29871,0.06715,1.12766,1.40165,1.44196,0.01219,0,0.000308412,0.000308412,0.000308412
65,3516.17,1.58881,2.30492,1.69677,0.00994,1.05554,0.61965,0.39842,0.43874,0.24597,0.54969,0.30966,0.28471,0.06373,1.12956,1.41452,1.39759,0.01251,0,0.000294239,0.000294239,0.000294239
66,3568.66,1.58286,2.27392,1.69355,0.00992,1.04407,0.64794,0.40237,0.44564,0.2525,0.58332,0.30373,0.29448,0.06321,1.14631,1.40376,1.41159,0.01222,0,0.000280275,0.000280275,0.000280275
67,3621.03,1.61062,2.2726,1.68482,0.01002,1.05285,0.5777,0.42604,0.44066,0.25137,0.48895,0.31361,0.26964,0.05819,1.14554,1.3963,1.39226,0.0124,0,0.000266532,0.000266532,0.000266532
68,3673.2,1.63501,2.30931,1.70732,0.00981,1.09475,0.65892,0.41617,0.44856,0.25484,0.55823,0.30572,0.28103,0.06186,1.13202,1.40569,1.34345,0.01262,0,0.000253024,0.000253024,0.000253024
69,3725.42,1.60389,2.39604,1.69664,0.01008,1.06052,0.66458,0.38659,0.43499,0.24294,0.53283,0.31755,0.29466,0.06387,1.15098,1.39514,1.40725,0.01258,0,0.000239766,0.000239766,0.000239766
70,3777.26,1.59153,2.27161,1.67213,0.00997,1.05235,0.61376,0.4142,0.43965,0.24955,0.52688,0.29586,0.27822,0.06224,1.13845,1.40908,1.40087,0.01257,0,0.000226769,0.000226769,0.000226769
71,3829.87,1.61397,2.31502,1.69695,0.0102,1.05153,0.65012,0.40315,0.44879,0.25209,0.53882,0.2998,0.27318,0.0586,1.16353,1.42762,1.41441,0.01276,0,0.000214046,0.000214046,0.000214046
72,3881.96,1.60535,2.27083,1.69434,0.00995,1.03899,0.61229,0.42012,0.44633,0.25467,0.50172,0.32544,0.2912,0.06796,1.12571,1.40704,1.43458,0.01234,0,0.000201611,0.000201611,0.000201611
73,3936.34,1.56435,2.26501,1.64985,0.00972,1.05918,0.63545,0.3925,0.44363,0.25162,0.50134,0.30966,0.2837,0.06292,1.13445,1.41327,1.40197,0.01202,0,0.000189475,0.000189475,0.000189475
74,3988.99,1.62069,2.30902,1.68269,0.00992,1.09385,0.60606,0.42406,0.44901,0.25364,0.5002,0.30769,0.28695,0.06259,1.13288,1.41002,1.42372,0.01202,0,0.000177651,0.000177651,0.000177651
75,4041.2,1.61277,2.32986,1.67882,0.01005,1.03049,0.61697,0.41301,0.45497,0.26027,0.52734,0.30572,0.29739,0.06568,1.13231,1.39138,1.40554,0.01226,0,0.000166149,0.000166149,0.000166149
76,4095.21,1.59286,2.30698,1.68842,0.00956,1.06591,0.59843,0.42801,0.45078,0.25733,0.53725,0.30966,0.29291,0.06567,1.13582,1.39383,1.40708,0.01212,0,0.000154982,0.000154982,0.000154982
77,4148.27,1.60167,2.34631,1.69901,0.00973,1.03417,0.61829,0.41026,0.44429,0.25654,0.49185,0.30769,0.27911,0.0627,1.12703,1.39919,1.40805,0.01218,0,0.000144161,0.000144161,0.000144161
78,4200.51,1.58749,2.33054,1.63511,0.00992,1.04835,0.60948,0.42406,0.45387,0.26106,0.51378,0.30966,0.28845,0.06595,1.14031,1.40764,1.36732,0.01234,0,0.000133695,0.000133695,0.000133695
79,4253.9,1.58935,2.25797,1.66315,0.0102,1.03861,0.62886,0.42801,0.46494,0.26425,0.52391,0.31689,0.29424,0.06608,1.12043,1.40474,1.3616,0.01213,0,0.000123596,0.000123596,0.000123596
80,4306.84,1.59458,2.30547,1.66044,0.0095,1.02966,0.62621,0.42957,0.45662,0.25822,0.50822,0.32002,0.29992,0.068,1.14405,1.39545,1.38083,0.01234,0,0.000113873,0.000113873,0.000113873
81,4359.85,1.57369,2.35956,1.67027,0.00937,1.03685,0.64797,0.41752,0.45795,0.26487,0.56531,0.30769,0.29105,0.06737,1.11798,1.39764,1.38552,0.012,0,0.000104537,0.000104537,0.000104537
82,4413.75,1.58473,2.30918,1.61971,0.00969,1.00817,0.64818,0.41789,0.45288,0.26531,0.50995,0.3284,0.28781,0.06721,1.11224,1.40791,1.36144,0.01198,0,9.55951e-05,9.55951e-05,9.55951e-05
83,4466.25,1.57354,2.31669,1.6807,0.00943,1.04675,0.62735,0.42502,0.45235,0.26453,0.50889,0.32939,0.29869,0.06928,1.11663,1.40258,1.36189,0.01203,0,8.70577e-05,8.70577e-05,8.70577e-05
84,4520.1,1.58167,2.33188,1.6906,0.0095,1.04965,0.59966,0.43393,0.45412,0.26484,0.52986,0.31164,0.29803,0.06847,1.11326,1.41136,1.36455,0.01206,0,7.89327e-05,7.89327e-05,7.89327e-05
85,4572.22,1.59271,2.30357,1.69788,0.00991,1.04387,0.61555,0.42633,0.46175,0.26219,0.52893,0.30769,0.29895,0.06784,1.12021,1.41191,1.36315,0.01199,0,7.12282e-05,7.12282e-05,7.12282e-05
86,4624.05,1.5634,2.28892,1.65737,0.00965,1.077,0.60852,0.42922,0.45747,0.26272,0.49057,0.31558,0.29363,0.06775,1.11174,1.40489,1.36136,0.01205,0,6.39518e-05,6.39518e-05,6.39518e-05
87,4676.25,1.55685,2.24742,1.64217,0.0099,1.00376,0.6113,0.4359,0.46012,0.26306,0.52012,0.31558,0.29948,0.067,1.10575,1.4041,1.3757,0.01188,0,5.71106e-05,5.71106e-05,5.71106e-05
88,4727.59,1.58906,2.35723,1.65888,0.00947,1.02367,0.61021,0.43195,0.45442,0.26451,0.50996,0.32742,0.30337,0.06826,1.09567,1.40233,1.38901,0.0118,0,5.07115e-05,5.07115e-05,5.07115e-05
89,4779.92,1.58988,2.30604,1.63495,0.01017,1.0124,0.60827,0.42801,0.45357,0.26186,0.4829,0.33728,0.29713,0.06542,1.10232,1.40128,1.38816,0.01188,0,4.47606e-05,4.47606e-05,4.47606e-05
90,4831.5,1.5635,2.27327,1.64163,0.00958,1.04116,0.59888,0.43288,0.45545,0.26389,0.51234,0.32741,0.29935,0.06681,1.11185,1.39979,1.38464,0.01207,0,3.9264e-05,3.9264e-05,3.9264e-05
91,4883.06,1.62405,2.11759,1.848,0.01549,0.72331,0.55484,0.4359,0.42997,0.24151,0.44517,0.32742,0.27854,0.06035,1.15761,1.42705,1.50942,0.01326,0,3.4227e-05,3.4227e-05,3.4227e-05
92,4930.22,1.63948,2.19441,1.85643,0.01451,0.71276,0.55204,0.43753,0.42996,0.24043,0.4522,0.31558,0.27518,0.06028,1.15622,1.42228,1.51153,0.01344,0,2.96546e-05,2.96546e-05,2.96546e-05
93,4977.45,1.66661,2.15102,1.84906,0.01488,0.70104,0.56205,0.44379,0.43506,0.24633,0.52784,0.30572,0.28592,0.06214,1.14364,1.42455,1.49397,0.01309,0,2.55513e-05,2.55513e-05,2.55513e-05
94,5024.98,1.63066,2.13656,1.85747,0.01494,0.73663,0.55776,0.44773,0.43669,0.24773,0.49672,0.32742,0.29206,0.06289,1.14253,1.42046,1.47908,0.01299,0,2.19212e-05,2.19212e-05,2.19212e-05
95,5072.35,1.60873,2.15842,1.81808,0.01449,0.72315,0.5627,0.44773,0.43652,0.2466,0.47966,0.3215,0.28438,0.0612,1.13967,1.42075,1.47669,0.01299,0,1.87678e-05,1.87678e-05,1.87678e-05
96,5119.51,1.63199,2.17592,1.83985,0.01414,0.69885,0.56592,0.44773,0.43778,0.24928,0.51559,0.32347,0.29197,0.06309,1.1338,1.41999,1.45851,0.01292,0,1.60943e-05,1.60943e-05,1.60943e-05
97,5166.46,1.61356,2.18075,1.8454,0.01433,0.71865,0.56317,0.44576,0.4395,0.251,0.55414,0.30769,0.29037,0.06316,1.13093,1.41966,1.4634,0.01271,0,1.39032e-05,1.39032e-05,1.39032e-05
98,5214.14,1.59502,2.2165,1.84108,0.01328,0.70145,0.58011,0.43787,0.44,0.25087,0.53923,0.31755,0.28824,0.06223,1.12855,1.41905,1.4405,0.0128,0,1.21968e-05,1.21968e-05,1.21968e-05
99,5261.04,1.65987,2.2253,1.81411,0.01399,0.71251,0.5679,0.4381,0.44077,0.25085,0.55535,0.31755,0.29098,0.06312,1.12546,1.41505,1.44982,0.01267,0,1.09768e-05,1.09768e-05,1.09768e-05
100,5308.46,1.65817,2.19598,1.86297,0.01457,0.71975,0.57374,0.43787,0.44044,0.25091,0.53375,0.31164,0.28372,0.0619,1.1274,1.41597,1.44124,0.01275,0,1.02443e-05,1.02443e-05,1.02443e-05
