Model,Family,Scale,Attention,Params_Det,Params_Seg,FLOPs_Det,FLOPs_Seg
YOLOv8n,YOLOv8,n,C2f / Baseline,3.2M,3.4M,8.7G,12.6G
YOLOv8s,YOLOv8,s,C2f / Baseline,11.2M,11.8M,28.6G,35.7G
YOLO11n,YOLO11,n,C3k2 + C2PSA,2.6M,2.9M,6.4G,10.1G
YOLO11s,YOLO11,s,C3k2 + C2PSA,9.4M,10.1M,21.5G,28.4G
YOLO12n,YOLO12,n,Area Attention,2.6M,2.8M,6.9G,10.5G
YOLO12s,YOLO12,s,Area Attention,9.3M,9.9M,21.4G,28.1G
YOLO26n,YOLO26,n,C3k2 + C2PSA (DFL-free),2.6M,2.8M,6.9G,10.4G
YOLO26s,YOLO26,s,C3k2 + C2PSA (DFL-free),9.6M,10.3M,26.4G,34.2G
DC2PSA-YOLO26s,DC2PSA-YOLO26,s,C3k2 + DC2PSA (DSConv),10.28M,11.77M,20.8G,34.3G
