Model,mAP50,mAP50-95,precision,recall,F1,epochs
YOLOv8n,0.3648130997100875,0.15330417772275032,0.5689614269481885,0.3530571992110454,0.43573073722863315,100
YOLOv8s,0.3711480920371002,0.16895292086112154,0.5702610460512759,0.358974358974359,0.44059684413048567,100
YOLO11n,0.37366938820582596,0.17568255092277607,0.51596800583089,0.3826429980276134,0.4394149276822093,100
YOLO11s,0.397147769261297,0.1984263395277957,0.5198382367050614,0.39644970414201186,0.44983613983373966,100
YOLO12n,0.4109190329957254,0.19780024773673824,0.577814154588846,0.40039447731755423,0.4730148331699091,100
YOLO12s,0.4031708586804502,0.19817047191183557,0.5929156812178389,0.388560157790927,0.46946323382426297,100
YOLO26n,0.3101055969053214,0.14483766295462266,0.4722177866301725,0.3155818540433925,0.3783280847643004,100
YOLO26s,0.4006167951689912,0.1934809786120691,0.5922232171946848,0.39447731755424065,0.4735350146977431,100
DC2PSA-YOLO26s,0.42707125494530274,0.20402348605875145,0.6148305406181892,0.42011834319526625,0.49915815575085176,100
