Model,task,box_loss,cls_loss,dfl_loss,seg_loss
YOLOv8n,det,1.26358,6.19516,1.04842,
YOLOv8n,seg,1.11828,7.30828,1.00966,1.46392
YOLOv8s,det,1.23295,1.73707,1.02756,
YOLOv8s,seg,1.1168,1.88794,1.01451,1.46067
YOLO11n,det,1.22343,7.93991,1.00338,
YOLO11n,seg,1.08756,9.78622,0.94994,1.45664
YOLO11s,det,1.19216,1.64281,1.00941,
YOLO11s,seg,1.10424,1.62729,0.97393,1.43166
YOLO12n,det,1.16658,9.74393,1.03971,
YOLO12s,det,1.24604,1.55742,1.14253,
YOLO26n,det,1.23574,2.90865,,
YOLO26n,seg,1.05247,3.39557,,1.46051
YOLO26s,det,1.21123,1.53171,,
YOLO26s,seg,1.632,1.858,0.7177,2.193
DC2PSA-YOLO26s,det,1.25019,1.63064,,
DC2PSA-YOLO26s,seg,1.1274,1.44124,,1.41597
