model,task,seed,epochs,mAP50,mAP50-95,precision,recall,box_loss,cls_loss,dfl_loss,F1,mask_mAP50,mask_mAP50-95,mask_precision,mask_recall,seg_loss,mask_F1
yolov8n,det,42,100,0.3648130997100875,0.15330417772275032,0.5689614269481885,0.3530571992110454,1.26358,6.19516,1.04842,0.43573073722863315,,,,,,
yolov8n,seg,42,100,0.41402664102695647,0.22536387391551024,0.5490648271010028,0.4181459566074951,1.11828,7.30828,1.00966,0.47474499092613986,0.25565697091238515,0.054594339593739535,0.5147638522764941,0.27416173570019725,1.46392,0.3577740495850495
yolov8s,det,42,100,0.3711480920371002,0.16895292086112154,0.5702610460512759,0.358974358974359,1.23295,1.73707,1.02756,0.44059684413048567,,,,,,
yolov8s,seg,42,100,0.42784732368899353,0.22367384348797925,0.5786004373030706,0.39447731755424065,1.1168,1.88794,1.01451,0.46911924006832306,0.25610374870932595,0.05400790330458338,0.5374648521200245,0.27613412228796846,1.46067,0.3648293320644522
yolo11n,det,42,100,0.37366938820582596,0.17568255092277607,0.51596800583089,0.3826429980276134,1.22343,7.93991,1.00338,0.4394149276822093,,,,,,
yolo11n,seg,42,100,0.41527529909559774,0.23096536891436675,0.584319512284408,0.39250493096646943,1.08756,9.78622,0.94994,0.46957934236018956,0.23122499971590113,0.05244266248508465,0.4388075063234299,0.27218934911242604,1.45664,0.3359754086636649
yolo11s,det,42,100,0.397147769261297,0.1984263395277957,0.5198382367050614,0.39644970414201186,1.19216,1.64281,1.00941,0.44983613983373966,,,,,,
yolo11s,seg,42,100,0.4284933989740211,0.24533584583218304,0.6115125343886438,0.39447731755424065,1.10424,1.62729,0.97393,0.47958301716571067,0.26117467060896016,0.0587692814781551,0.47796395986754836,0.28402366863905326,1.43166,0.35631307459647077
yolo12n,det,42,100,0.4109190329957254,0.19780024773673824,0.577814154588846,0.40039447731755423,1.16658,9.74393,1.03971,0.4730148331699091,,,,,,
yolo12s,det,42,100,0.4031708586804502,0.19817047191183557,0.5929156812178389,0.388560157790927,1.24604,1.55742,1.14253,0.46946323382426297,,,,,,
yolo26n,det,42,100,0.3101055969053214,0.14483766295462266,0.4722177866301725,0.3155818540433925,1.23574,2.90865,,0.3783280847643004,,,,,,
yolo26n,seg,42,100,0.33245010306472345,0.1794756650944193,0.5002833613557848,0.35502958579881655,1.05247,3.39557,,0.41532259076648637,0.21265349096629726,0.04185958426701331,0.38080716685975186,0.26444072277405617,1.46051,0.31213096256411876
yolo26s,det,42,100,0.4006167951689912,0.1934809786120691,0.5922232171946848,0.39447731755424065,1.21123,1.53171,,0.4735350146977431,,,,,,
yolo26s,seg,42,100,0.429,0.232,0.586,0.396,1.632,1.858,0.7177,0.4726191446028513,0.268,0.0565,0.48,0.296,2.193,0.36618556701030924
dc2psa-yolo26s,det,42,100,0.42707125494530274,0.20402348605875145,0.6148305406181892,0.42011834319526625,1.25019,1.63064,,0.49915815575085176,,,,,,
dc2psa-yolo26s,seg,42,100,0.4507942020167508,0.26426822866748695,0.6203275371455146,0.4240631163708087,1.1274,1.44124,,0.5037540841386782,0.2982544930765183,0.06903617382666635,0.509718907458894,0.32938856015779094,1.41597,0.4001765768810539
