model,task,epochs,best_val_loss,best_epoch
DC2PSA-YOLO26s,det,100,1.2163,61
DC2PSA-YOLO26s,seg,100,2.498,88
YOLO11n,det,100,1.22153,96
YOLO11n,seg,100,2.53944,62
YOLO11s,det,100,1.17006,86
YOLO11s,seg,100,2.50358,80
YOLO12n,det,100,1.16111,98
YOLO12s,det,100,1.17766,59
YOLO26n,det,100,1.16689,29
YOLO26n,seg,100,2.49479,74
YOLO26s,det,100,1.19217,86
YOLO26s,seg,100,2.48054,66
YOLOv8n,det,100,1.26358,100
YOLOv8n,seg,100,2.5674900000000003,88
YOLOv8s,det,100,1.2276,96
YOLOv8s,seg,100,2.5625099999999996,70
